dataset,model,eval_metrics/MSE[mean],eval_metrics/MSE[0.5],eval_metrics/MAE[0.5],eval_metrics/MASE[0.5],eval_metrics/MAPE[0.5],eval_metrics/sMAPE[0.5],eval_metrics/MSIS,eval_metrics/RMSE[mean],eval_metrics/NRMSE[mean],eval_metrics/ND[0.5],eval_metrics/mean_weighted_sum_quantile_loss,domain,num_variates
loop_seattle/5T/long,recursive-moirai-2,80.2426602453847,80.2426602453847,5.097891296869625,0.8053411189879284,0.1511863425925926,0.11648453510676711,6.486501414708255,8.957826759062977,0.15837618499680134,0.09013174700099501,0.07194151009184604,Transport,1
loop_seattle/5T/medium,recursive-moirai-2,67.17954076367388,67.17954076367388,4.725098361713107,0.7509190551261977,0.14621376943046957,0.10902685685249344,5.774437443030272,8.196312632133665,0.14582927593367034,0.08406922767959606,0.06682342426317835,Transport,1
loop_seattle/5T/short,recursive-moirai-2,43.883039860681116,43.883039860681116,3.7234459655572754,0.5870016088447293,0.0955849662284733,0.07993784735010055,4.337273062511557,6.624427511919888,0.11359429608651886,0.0638488718779994,0.050317953698974766,Transport,1
loop_seattle/D/short,recursive-moirai-2,19.030059984520125,19.030059984520125,2.9777456624097005,0.8987597606850943,0.05514130174067983,0.05492372003567252,8.717239203170836,4.362345697502678,0.07796095197387161,0.05321629753240909,0.04394508159672388,Transport,1
loop_seattle/H/long,recursive-moirai-2,65.4484305125559,65.4484305125559,4.615335827313381,0.9611245523381023,0.14135364260835914,0.10620291446160816,9.179960236858527,8.090020427202635,0.14457949603149192,0.0824822302902133,0.06741384289610199,Transport,1
loop_seattle/H/medium,recursive-moirai-2,64.90891382868936,64.90891382868936,4.585484794246646,0.9374148492052068,0.1255660333623581,0.10420505622311411,9.26606738628352,8.056606843373292,0.14239960803758092,0.08104792129705209,0.0667209099337214,Transport,1
loop_seattle/H/short,recursive-moirai-2,62.499436478192386,62.499436478192386,4.427827199092934,0.8970052679797422,0.13471801950090978,0.10155480010505069,8.532201154351249,7.905658510092147,0.1399382097144871,0.07837705238281974,0.06399181346493953,Transport,1
m_dense/D/short,recursive-moirai-2,10316.926666666666,10316.926666666666,54.39917824074074,0.7678203438190989,0.136156674576654,0.11309144893524056,7.342448512098905,101.57227311952148,0.1758366292772108,0.09417302422725483,0.0761847231739648,Transport,1
m_dense/H/long,recursive-moirai-2,34087.34419753087,34087.34419753087,82.07675925925926,0.7053756074150658,0.2662691279141769,0.19808704317292633,7.461376260320339,184.62758243970717,0.3196176381227023,0.1420870034290619,0.11631413773508364,Transport,1
m_dense/H/medium,recursive-moirai-2,34354.82666666667,34354.82666666667,81.28858506944445,0.7038499848674294,0.2701883252909205,0.19903340183394538,7.59837177374037,185.35055075900547,0.3224865417666555,0.14143186829929644,0.11605694539071838,Transport,1
m_dense/H/short,recursive-moirai-2,45981.04888888889,45981.04888888889,93.67848958333333,0.8205038254724176,0.3100578787436371,0.22276485452484893,9.43729837244096,214.43192133842592,0.38034879544438377,0.1661622973374214,0.13738593964162607,Transport,1
sz_taxi/15T/long,recursive-moirai-2,17.11719306445869,17.11719306445869,2.9328052662037036,0.554499519963432,6418745416528.374,0.4244169251827333,4.3911531583526395,4.1372929633346835,0.38294046685514394,0.27145523118335174,0.2190962942082345,Transport,1
sz_taxi/15T/medium,recursive-moirai-2,17.524317240918805,17.524317240918805,2.937390867053953,0.5732635404118742,9784656834538.994,0.4249383487598825,4.33081800884871,4.186205589901051,0.389596304205584,0.2733732496493337,0.21882127178629684,Transport,1
sz_taxi/15T/short,recursive-moirai-2,16.990121098519538,16.990121098519538,2.7699956835699022,0.5525434180408628,1236005976871.6973,0.4004341502648098,3.974200786304473,4.1219074587525055,0.38541595994720373,0.259006432365615,0.2040145134986077,Transport,1
sz_taxi/H/short,recursive-moirai-2,7.364710098657852,7.364710098657852,1.8810338729467146,0.5732977314067194,1.0588001349033453,0.3005425362928496,4.07453656575379,2.7137999371099286,0.25280721069666723,0.17522991291393242,0.13842723549340538,Transport,1
bitbrains_fast_storage/5T/long,recursive-moirai-2,5987330.428438105,5987330.428438105,450.5362799288658,0.9748421208269278,4.42968321240285,0.8479164176824129,16.672917488450242,2446.902210640651,6.466431059867588,1.190632703448511,0.8776835859734048,Web/CloudOps,2
bitbrains_fast_storage/5T/medium,recursive-moirai-2,3528655.08470559,3528655.08470559,312.9260776610011,1.0521020041237243,3.729218928164196,0.8250390723727602,22.985250377232074,1878.471475616702,5.7073142968947685,0.9507557075464782,0.7154382358337492,Web/CloudOps,2
bitbrains_fast_storage/5T/short,recursive-moirai-2,2095675.0058484988,2095675.0058484988,184.09861046979356,0.7668525365439366,2.507444128290302,0.763050930531421,15.254175186359308,1447.6446407349072,4.5452466724219915,0.5780241732601914,0.46521406542259996,Web/CloudOps,2
bitbrains_fast_storage/H/short,recursive-moirai-2,4433614.0871398095,4433614.0871398095,391.10382232732695,1.137444031909766,4.165816392711122,0.6014312662303964,23.725573870978533,2105.6148952597696,6.001686930439858,1.1147730309997672,0.8799832917026997,Web/CloudOps,2
bitbrains_rnd/5T/long,recursive-moirai-2,2255189.4869933384,2255189.4869933384,163.44321801614933,3.4141586856481223,1.2764126164366103,0.7264830368823966,116.87032546010373,1501.728832710266,5.752783064836824,0.6261139535882796,0.5619570580465839,Web/CloudOps,2
bitbrains_rnd/5T/medium,recursive-moirai-2,2176937.4112842157,2176937.4112842157,156.7185242540012,4.46422873477115,0.958618238688228,0.7216234318529919,160.4545510565644,1475.4448181088358,6.207948108440349,0.6593946816982376,0.5795696913208458,Web/CloudOps,2
bitbrains_rnd/5T/short,recursive-moirai-2,1630413.9309576626,1630413.9309576626,121.75157407844434,1.7491494522903155,0.8857307567882163,0.6699843549437371,55.21677190954132,1276.8766310641222,5.224609991096914,0.49817223910809627,0.4167719149614084,Web/CloudOps,2
bitbrains_rnd/H/short,recursive-moirai-2,1665356.327522271,1665356.327522271,156.46928945910233,5.898018636033726,1.701523116354059,0.6042210151481511,209.1052367315599,1290.4868567801343,5.647802390125361,0.6847862280389704,0.5875860790762254,Web/CloudOps,2
bizitobs_application/10S/long,recursive-moirai-2,7155039.573333333,7155039.573333333,1617.056111111111,4.12557000068143,0.05587181939019097,0.05813146527026574,45.642900569506025,2674.8905722166155,0.10315983752721276,0.06236339064755576,0.05349362774350963,Web/CloudOps,2
bizitobs_application/10S/medium,recursive-moirai-2,6959259.733333333,6959259.733333333,1407.228125,3.7626457862430365,0.05125262896219889,0.05309188395540262,46.284741736901815,2638.0408892459063,0.10358810150243246,0.05525770674890759,0.04772753252809378,Web/CloudOps,2
bizitobs_application/10S/short,recursive-moirai-2,2178779.1644444442,2178779.1644444442,700.6603472222222,1.6999953570612631,0.02540244632297092,0.025749535552201462,15.492960194496137,1476.0688210393323,0.05692607441179128,0.02702166897291364,0.02214966137792336,Web/CloudOps,2
bizitobs_l2c/5T/long,recursive-moirai-2,86.52021825396825,86.52021825396825,5.904185267857143,0.5874285391291217,0.50433057532519,0.743784132507492,3.3858600646267507,9.301624495429186,0.5222723094647479,0.331511176017347,0.25907633278870645,Web/CloudOps,7
bizitobs_l2c/5T/medium,recursive-moirai-2,71.54156037414965,71.54156037414965,5.30061948607568,0.5164645899853564,0.34643907791179024,0.6112766620611864,3.2484420159897014,8.458224422072853,0.44502698817783354,0.27889053395285734,0.21623282801781152,Web/CloudOps,7
bizitobs_l2c/5T/short,recursive-moirai-2,18.774657040550593,18.774657040550593,2.725693766276042,0.28090289820246905,0.1563929631886413,0.19869442974690965,1.9327094751516591,4.332973233306501,0.14881183938379872,0.09361135670966647,0.0738942886858645,Web/CloudOps,7
bizitobs_l2c/H/long,recursive-moirai-2,83.97474578373016,83.97474578373016,5.695408606150794,0.6010580544689016,0.6524934337217239,0.7991614646789531,5.036819817828619,9.163773555895528,0.5597497370732957,0.3478919956251958,0.27965682732954633,Web/CloudOps,7
bizitobs_l2c/H/medium,recursive-moirai-2,76.32977120535715,76.32977120535715,5.416164434523809,0.5527200445699658,0.5917273768840634,0.7977593165758776,4.0287987522464626,8.736691090187243,0.5290199157825531,0.32795698319177236,0.2607385553906894,Web/CloudOps,7
bizitobs_l2c/H/short,recursive-moirai-2,72.25787450396825,72.25787450396825,5.069529215494792,0.5221121712135437,0.44996390582846224,0.6457459854180376,3.4450789853659094,8.500463193495296,0.4581967361918813,0.2732606080038769,0.21772946516920622,Web/CloudOps,7
bizitobs_service/10S/long,recursive-moirai-2,133446.7453968254,133446.7453968254,83.45238756613756,1.760982084478348,0.11403768549520503,0.1080191590266426,19.05400775834582,365.3036345245218,0.2706286109194188,0.061824196614766354,0.05605902506729951,Web/CloudOps,2
bizitobs_service/10S/medium,recursive-moirai-2,23107.19238095238,23107.19238095238,50.19175595238095,1.5300319950883978,0.11046717083643354,0.0847634794593351,13.680025333927897,152.01050089040683,0.1144066851142543,0.037775498303998636,0.03022062581333355,Web/CloudOps,2
bizitobs_service/10S/short,recursive-moirai-2,4446.978201058201,4446.978201058201,26.0935333994709,0.9518526570570223,0.08378189329117064,0.06310030514882631,8.852438170205945,66.68566713363676,0.049402874099790564,0.019330923731623154,0.015731629756427737,Web/CloudOps,2
car_parts/M/short,recursive-moirai-2,1.376070884399495,1.376070884399495,0.47071587207926463,0.8443743616122714,0.8222315928339067,1.8920874061060442,14.893502677818576,1.173060477724612,2.8128786925241016,1.1287283750049777,0.9803968553151026,Sales,1
covid_deaths/D/short,recursive-moirai-2,451577.84060150373,451577.84060150373,145.34307644110277,38.60573916950845,0.11380949065779154,0.38811326203474583,573.9346307721027,671.9954170985868,0.2528415459891289,0.054686039831716944,0.043823891925586986,Healthcare,1
electricity/15T/long,recursive-moirai-2,431722.82810810814,431722.82810810814,65.12231831831832,0.949198376138661,0.15102197295744346,0.14265337504612258,7.699038752159532,657.0561833725546,1.036586575859386,0.10273843038980256,0.08248081821392896,Energy,1
electricity/15T/medium,recursive-moirai-2,331111.4885765766,331111.4885765766,58.772887387387385,0.8887455189703067,0.14116360349356555,0.1391509892757601,7.600187764663602,575.4228780441186,0.9915116553165109,0.10127161272988416,0.0814851318046899,Energy,1
electricity/15T/short,recursive-moirai-2,136156.40216216215,136156.40216216215,56.32821509009009,1.044843976668813,0.1912739391747978,0.17404645021378132,10.289652654045677,368.99376981483323,0.7273594420952242,0.111034013183224,0.09057587205853737,Energy,1
electricity/D/short,recursive-moirai-2,1309867233.7597117,1309867233.7597117,4332.243027027027,1.4272302599644229,0.34622103119117437,0.09705648293515617,11.37181010604429,36192.08799944695,0.5947562226378106,0.0711931430522318,0.0559848644827507,Energy,1
electricity/H/long,recursive-moirai-2,7429567.9523363365,7429567.9523363365,260.1809249249249,1.1491497209628572,0.29041890187077374,0.14150809012141052,9.52805423492313,2725.723381478087,1.0750246176887843,0.10261529150315224,0.0826772986091272,Energy,1
electricity/H/medium,recursive-moirai-2,5454210.721441441,5454210.721441441,238.8267117117117,1.0670294161836762,0.2597917363785873,0.13289250047923415,8.871679366651366,2335.4251693088863,0.9115934298637998,0.09322193840053507,0.07466642156409115,Energy,1
electricity/H/short,recursive-moirai-2,1371799.385945946,1371799.385945946,169.23940315315315,0.9473699664177743,0.20399376657086837,0.12847733609746959,10.528915308762592,1171.2383984253358,0.5529081094171785,0.07989307604848539,0.0657570710507304,Energy,1
electricity/W/short,recursive-moirai-2,33842992557.895496,33842992557.895496,28237.805405405405,1.654506247795686,0.25714693535085614,0.10632060473974352,13.125776640578223,183964.65029427662,0.4197466372430861,0.06442935554783762,0.051094279293923135,Energy,1
ett1/15T/long,recursive-moirai-2,9.172518601190475,9.172518601190475,1.7005907428075397,1.130765813829879,0.9089064581303803,0.4477623313446665,7.383928014999603,3.0286166150885583,0.5772573213582338,0.32413427702567915,0.2505364013915503,Energy,7
ett1/15T/medium,recursive-moirai-2,9.170623139880952,9.170623139880952,1.6637420944940475,1.0757658057660022,0.7969874525338476,0.4294529341531941,7.073913429295143,3.028303673656417,0.5771976744118491,0.31711088822329814,0.24606829119225773,Energy,7
ett1/15T/short,recursive-moirai-2,4.603449358258929,4.603449358258929,1.0923854282924108,0.714234356480375,0.46940444664560377,0.24268356789057247,4.918074067477926,2.145565044052249,0.4056011028069838,0.2065063166618646,0.16195788585267804,Energy,7
ett1/D/short,recursive-moirai-2,50043.968253968254,50043.968253968254,149.20749007936507,1.7920002605767358,1.3713719928075396,0.49048280814837203,11.290602137444179,223.70509215028667,0.5875688449064447,0.39189842195646235,0.29759664759036375,Energy,7
ett1/H/long,recursive-moirai-2,147.53822751322753,147.53822751322753,7.489248511904762,1.4272533040837154,3606746156734.421,0.5248401094295138,8.816492761545199,12.146531501347516,0.5816710860387507,0.35864389064898583,0.2778783840600519,Energy,7
ett1/H/medium,recursive-moirai-2,130.40425967261905,130.40425967261905,7.104145159040178,1.358778570341143,4231905517458.887,0.4938079530565328,8.4159418495576,11.419468449652946,0.5469654689838948,0.34027171280132307,0.26403229211707313,Energy,7
ett1/H/short,recursive-moirai-2,98.72799479166666,98.72799479166666,5.174200148809524,0.8807293320248802,0.5123434884207589,0.2805619576177032,5.894613634462983,9.936196193295835,0.46376292700343535,0.2415010894745193,0.18961694182314912,Energy,7
ett1/W/short,recursive-moirai-2,1477748.142857143,1477748.142857143,944.5088588169643,1.6220790156967266,0.6891603469848633,0.5497645210021467,7.832269203232067,1215.6266461612065,0.4837268567791354,0.3758426182235808,0.27857024497983035,Energy,7
ett2/15T/long,recursive-moirai-2,13.046426091269842,13.046426091269842,2.274459170386905,0.9302942821240523,0.14268474801424352,0.17222247696241683,7.680076538423645,3.6119836781566224,0.19248914837357878,0.12121004625959099,0.09867456544110635,Energy,7
ett2/15T/medium,recursive-moirai-2,12.16264632936508,12.16264632936508,2.1698046875,0.9020717563945606,0.14119466309843506,0.1730070255363273,7.0733475512399195,3.4874985776864595,0.18585511203515045,0.11563281942819553,0.09335928407014876,Energy,7
ett2/15T/short,recursive-moirai-2,7.7383196149553575,7.7383196149553575,1.7954854329427083,0.7733740277601991,0.10966395986669746,0.13138562026488249,5.022670996191985,2.7817835312898374,0.13206116030252618,0.08523808086201243,0.0670112584938829,Energy,7
ett2/D/short,recursive-moirai-2,135862.95873015872,135862.95873015872,226.76847718253967,1.4853193678087442,0.4394529796781994,0.14918727350757427,13.33924878719325,368.59592880301693,0.21095717512951218,0.12978558257602288,0.10507720537071484,Energy,7
ett2/H/long,recursive-moirai-2,292.86319444444445,292.86319444444445,11.123533606150794,1.2726272831013385,0.22160913586847558,0.23744002172006898,9.009496612718593,17.11324616910668,0.23435273495892062,0.1523282314324928,0.12151944496888224,Energy,7
ett2/H/medium,recursive-moirai-2,276.1702938988095,276.1702938988095,10.679517764136905,1.171002871550392,0.20115720418951402,0.20121337974862621,8.231798627008839,16.61837217957311,0.22394325199498935,0.14391336961262538,0.11293529714420389,Energy,7
ett2/H/short,recursive-moirai-2,113.43285900297619,113.43285900297619,6.7016374860491075,0.7714256744996849,0.13081743550524483,0.11493664908542381,5.366191855124847,10.650486327063952,0.1350778005759762,0.08499540998167532,0.06661895380386855,Energy,7
ett2/W/short,recursive-moirai-2,4664096.571428572,4664096.571428572,1467.4601004464287,0.9442913312802931,0.14252019780022757,0.15099466083360244,11.438409271207068,2159.6519560865754,0.18116168963323784,0.1230974048929478,0.10407590770560711,Energy,7
hierarchical_sales/D/short,recursive-moirai-2,28.93571723852832,28.93571723852832,2.2977988386213313,0.7437267121368704,0.6213482825837755,1.0429152386915075,7.094384968608381,5.379192991381544,1.6502768387870428,0.704939237101929,0.5738372707767471,Sales,1
hierarchical_sales/W/short,recursive-moirai-2,476.67452330508473,476.67452330508473,9.012704622947563,0.7241692049750894,0.5174734838183301,0.4633084337133613,6.402285532860936,21.832877119268655,1.002358067800144,0.4137776776812528,0.3470040425749196,Sales,1
hospital/M/short,recursive-moirai-2,3932.4763146458063,3932.4763146458063,19.782468899391567,0.7869404971286083,0.19957046475632198,0.1773519803227875,5.497439947291101,62.709459530806086,0.22764990012189096,0.07181495587437756,0.05748791501689489,Healthcare,1
jena_weather/10T/long,recursive-moirai-2,1883.4181216931217,1883.4181216931217,11.932874503968254,0.7302628961313329,1.1877003675157871,0.6623421623346707,6.403424097468192,43.39836542651257,0.2655620396262368,0.07301930523728432,0.05783723635122183,Nature,21
jena_weather/10T/medium,recursive-moirai-2,1663.7434343434343,1663.7434343434343,10.777977317821067,0.6802057877879266,1.1203367106595032,0.6658439392983388,5.914238042441363,40.789011195951225,0.25032146440804914,0.06614426254641619,0.05285895752581213,Nature,21
jena_weather/10T/short,recursive-moirai-2,904.637003968254,904.637003968254,6.208174448164683,0.3197697699068367,0.42839840656223344,0.5607637280538518,2.488024428240015,30.077184109691085,0.1868170096994212,0.03856054416094048,0.031192036950696896,Nature,21
jena_weather/D/short,recursive-moirai-2,366.3801091269841,366.3801091269841,9.539963107638888,1.0440738830890044,0.6407360199542619,0.4406656405126506,7.295044234079473,19.14105820290467,0.1152604549905029,0.057446170254694076,0.046890827960722845,Nature,21
jena_weather/H/long,recursive-moirai-2,2625.2642857142855,2625.2642857142855,15.964415922619047,1.0652283649481262,4.3668025407937145,0.6795269773496582,8.68521144747996,51.23733292936202,0.30850551139125476,0.09612347124039901,0.07748952925922997,Nature,21
jena_weather/H/medium,recursive-moirai-2,2028.2769841269842,2028.2769841269842,13.37856212797619,0.873654339598499,4.3984016520255995,0.6885588261430082,6.448006607604528,45.03639621602714,0.27558569579010833,0.08186579439048092,0.06508532853907029,Nature,21
jena_weather/H/short,recursive-moirai-2,1136.952276524645,1136.952276524645,9.016826734805765,0.5533700184836807,2.491909333672431,0.6147625749752839,4.764693674244094,33.718722937333276,0.20669360090214486,0.05527256740984775,0.04552215982404276,Nature,21
kdd_cup_2018/D/short,recursive-moirai-2,2871.6036970543255,2871.6036970543255,20.78360429549837,1.180950795758338,0.5267956957743201,0.45812716167294354,8.835111055021887,53.58734642669224,1.2004134237469266,0.46557479057655476,0.3682725306054217,Nature,1
kdd_cup_2018/H/long,recursive-moirai-2,3768.029294414727,3768.029294414727,21.979763418306664,0.9353399880741897,0.8169723695391017,0.5558117502757052,7.543312758699759,61.3842756283295,1.4403231536155565,0.5157340676961383,0.4147058978313544,Nature,1
kdd_cup_2018/H/medium,recursive-moirai-2,5039.643411601059,5039.643411601059,24.049983983711655,0.9918522541537006,0.7870581932966729,0.5436286483959877,9.475489650183967,70.9904459177505,1.4859586027457352,0.503409721329243,0.4119084768983331,Nature,1
kdd_cup_2018/H/short,recursive-moirai-2,4315.630932060221,4315.630932060221,20.941465951126187,0.8761921269701815,0.7088120921235688,0.4779692730588883,7.4166681709243285,65.69346186691808,1.3750831332767754,0.43834280911879786,0.3545822646536229,Nature,1
m4_daily/D/short,recursive-moirai-2,1062559.142383994,1062559.142383994,394.7824867349353,6.420093485712983,0.05856683091557462,0.0513675572384351,46.5330095281489,1030.8050942753407,0.15923090819059438,0.06098298722974096,0.04908954334242169,Econ/Fin,1
m4_hourly/H/short,recursive-moirai-2,2386703.046698873,2386703.046698873,295.46379327697264,0.7784874806281308,0.09677928734132825,0.08767388496868724,6.573772722137672,1544.8958044796655,0.21091237735973176,0.0403373294710704,0.030895278566241715,Econ/Fin,1
m4_monthly/M/short,recursive-moirai-2,1924152.4337777777,1924152.4337777777,578.2544444444444,0.9756264498080616,0.164806640625,0.13464194620323286,7.963863743380676,1387.1382172580272,0.2882949360132513,0.1201811225344383,0.09665806234138716,Econ/Fin,1
m4_quarterly/Q/short,recursive-moirai-2,1954338.1333333333,1954338.1333333333,603.22125,1.2819336693108152,0.12541961669921875,0.10943118041078846,10.319361110316265,1397.9764423384727,0.23399664337012946,0.10096861680546015,0.08103101972406122,Econ/Fin,1
m4_weekly/W/short,recursive-moirai-2,319906.72209127917,319906.72209127917,299.46255624598246,2.5046420403006158,0.07227629667077351,0.07191522084261016,19.225873068632033,565.602972137947,0.10304409618247924,0.05455743687523637,0.043049630344445054,Econ/Fin,1
m4_yearly/A/short,recursive-moirai-2,4690012.115725023,4690012.115725023,1147.4045442674328,4.580753892577971,0.20496696843442588,0.19443850120630007,39.5254156164958,2165.6435800299696,0.3472709986796988,0.18399164370891624,0.1474700558819429,Econ/Fin,1
restaurant/D/short,recursive-moirai-2,140.15130288596245,140.15130288596245,7.100270267114971,0.6810425817480822,0.6264884209804333,0.39294107388491234,4.594653852329927,11.838551553545832,0.5448375721425296,0.326770888853547,0.25550682485060966,Sales,1
saugeen/D/short,recursive-moirai-2,1154.8416666666667,1154.8416666666667,13.288933919270834,2.9527032366919523,0.3391676839192708,0.3500606818450593,27.128718361394302,33.982961416961096,1.10071621725989,0.4304317359385825,0.36044307417812305,Nature,1
saugeen/M/short,recursive-moirai-2,412.9384300595238,412.9384300595238,12.681583949497767,0.7429294610316842,0.38071178254627047,0.3653587652061322,4.682658880338177,20.320886547085582,0.6100939762321803,0.38073919455944816,0.2991250957936766,Nature,1
saugeen/W/short,recursive-moirai-2,938.07109375,938.07109375,14.189723205566406,1.1509415280710926,0.3473940134048462,0.3740263934003928,12.966645464335233,30.627946286847248,0.9245300265815602,0.4283285940742619,0.3587733805253938,Nature,1
solar/10T/long,recursive-moirai-2,25.059466240875913,25.059466240875913,2.059180637925791,0.8981886371295007,4.534007937865672,1.4514020554578708,4.772104973892944,5.005943092053276,1.0819544505399123,0.44505892590073287,0.34474756245316096,Energy,1
solar/10T/medium,recursive-moirai-2,24.12193098871931,24.12193098871931,2.0097040201282903,0.8751279434350918,4.586322537991657,1.451249863860272,4.702540673225788,4.9114082490380815,1.0898609744233978,0.44596129472817025,0.3430794107361935,Energy,1
solar/10T/short,recursive-moirai-2,26.468869753649635,26.468869753649635,2.1544596354166665,0.935837958331527,6.138979176408401,1.5188691047983047,4.917625173368047,5.14479054516796,1.4966189607202274,0.6267320529694578,0.4764150821885466,Energy,1
solar/D/short,recursive-moirai-2,147230.64525547446,147230.64525547446,251.91732055961072,0.9830175224407355,1.173770149026764,0.41862267581267265,6.144678764509114,383.7064571459209,0.5543251384776278,0.3639347240669798,0.2920954431547465,Energy,1
solar/H/long,recursive-moirai-2,951.3401459854015,951.3401459854015,13.558100162206001,1.0310340915612264,7.98174698200311,1.4245607259488093,6.076672376067365,30.843802391816116,1.069410840156797,0.4700840415590861,0.37339900731337106,Energy,1
solar/H/medium,recursive-moirai-2,933.7121654501217,933.7121654501217,12.883196472019465,0.9853962408125612,7.148571525770487,1.4215852851742092,6.803440427110837,30.556704099920882,1.1007238013755547,0.4640828064498657,0.37339029253771555,Energy,1
solar/H/short,recursive-moirai-2,820.5074913561275,820.5074913561275,12.126250560250993,0.9358630832813251,6.292016151393318,1.4172390692611756,8.259741385496014,28.644501939397156,1.055845833020002,0.44697761375937306,0.36960581477721466,Energy,1
solar/W/short,recursive-moirai-2,3480534.189781022,3480534.189781022,1473.0581660583941,1.6079068081287324,0.3364511475945911,0.272086712184858,6.786583577570139,1865.6189830136864,0.38081947720961123,0.3006879999642409,0.2330293442241137,Energy,1
temperature_rain/D/short,recursive-moirai-2,181.77352880222742,181.77352880222742,5.873048955711754,1.3608431264806145,26.93144894318023,1.50581412771438,21.34171492379611,13.482341369444233,1.5872274659203924,0.6914128900731905,0.5679955060433296,Nature,1
us_births/D/short,recursive-moirai-2,281666.37333333335,281666.37333333335,378.8984114583333,0.5576973805748324,0.03700308481852214,0.03634926623446331,4.457824960544332,530.7225012502611,0.04975092792751325,0.035518651490949064,0.028086816519029816,Healthcare,1
us_births/M/short,recursive-moirai-2,66516138.666666664,66516138.666666664,7030.94140625,0.7973049941001963,0.02162754287322362,0.021926889357549956,5.131026486121056,8155.7426802631935,0.02533168115974636,0.021838056071459586,0.016072699124467973,Healthcare,1
us_births/W/short,recursive-moirai-2,3019976.0,3019976.0,1326.886997767857,1.20629135953812,0.0179912554366248,0.017902060779889397,8.288718676724871,1737.8078144605058,0.02359057068155421,0.01801236088755618,0.0144245190168485,Healthcare,1
